Headlines,News Link,Time of News
I raised 2 successful CEOs and a doctor. Here's the No. 1 'unpopular' parenting rule I always used,https://www.cnbc.com/2022/10/29/i-raised-2-successful-ceos-and-a-doctor-heres-the-no-1-unpopular-parenting-rule-i-always-used-with-my-kids.html,8 Min Ago
Here's a look at some legal and personal ramifications of dying without a will,https://www.cnbc.com/2022/10/29/here-are-the-legal-and-personal-ramifications-of-dying-without-a-will.html,34 Min Ago
Issa Rae shares her best career advice and how it's helped her succeed,https://www.cnbc.com/2022/10/29/issa-rae-shares-her-best-career-advice-and-how-its-helped-her-succeed.html,49 Min Ago
These people are making real money in Horizon Worlds—even as Meta loses billions,https://www.cnbc.com/2022/10/29/metaverse-entrepreneurs-trying-to-make-money-on-metas-horizon-worlds.html,1 Hour Ago
"What 'millionaire tax' plans on California, Massachusetts ballots mean for taxpayers",https://www.cnbc.com/2022/10/29/what-millionaire-tax-plans-on-california-massachusetts-ballots-mean-for-taxpayers.html,1 Hour Ago
A 35-year-old cult classic from John Carpenter keeps finding new audiences,https://www.cnbc.com/2022/10/29/john-carpenter-cult-classic-prince-of-darkness-turns-35.html,1 Hour Ago
"From Chipotle to Wendy’s, here are 7 places to score Halloween freebies",https://www.cnbc.com/2022/10/29/where-to-score-halloween-freebies-chipotle-wendys.html,1 Hour Ago
Twitter is now owned by Elon Musk — here's a brief history its founding to the present,https://www.cnbc.com/2022/10/29/a-brief-history-of-twitter-from-its-founding-in-2006-to-musk-takeover.html,2 Hours Ago
,"No Url found, Hence Headlines blank",2 Hours Ago
,"No Url found, Hence Headlines blank",3 Hours Ago
,"No Url found, Hence Headlines blank",3 Hours Ago
Derek and Hannah Jeter sign multiyear deal with Jeep to back Grand Wagoneer SUV,https://www.cnbc.com/2022/10/28/derek-jeter-promotes-jeep-grand-wagoneer-suv.html,14 Hours Ago
Cramer on Friday named travel as one of five recession-resistant market leaders that are emerging.,https://www.cnbc.com/2022/10/28/jim-cramer-says-he-likes-these-3-travel-stocks.html,14 Hours Ago
Cramer's lightning round: Let's stay with Frontier,https://www.cnbc.com/2022/10/28/cramers-lightning-round-lets-stay-with-frontier.html,14 Hours Ago
Cramer's week ahead: There could be 'real signs' for the Fed to slow down,https://www.cnbc.com/2022/10/28/cramers-week-ahead-there-could-be-real-signs-for-the-fed-to-slow-down.html,14 Hours Ago
Co-defendant in SEC civil fraud suit against fake billionaire agrees to settle,https://www.cnbc.com/2022/10/28/fake-billionaire-justin-costello-co-defendant-settles-sec-complaint.html,16 Hours Ago
"UN details horrifying accounts of rape, torture, executions by Russian troops",https://www.cnbc.com/2022/10/28/russia-ukraine-war-un-report-details-accounts-of-rape-torture-and-executions.html,16 Hours Ago
,"No Url found, Hence Headlines blank",17 Hours Ago
,"No Url found, Hence Headlines blank",17 Hours Ago
GM temporarily suspends advertising on Twitter following Elon Musk takeover,https://www.cnbc.com/2022/10/28/gm-temporarily-suspends-advertising-on-twitter-following-elon-musk-takeover.html,17 Hours Ago
"Big Tech falters on dreary earnings — Meta has worst week ever, Amazon falls 13%",https://www.cnbc.com/2022/10/28/big-tech-falters-on-q3-2022-results-as-meta-has-worst-week-ever.html,17 Hours Ago
93% of daters want a partner who is emotionally vulnerable,https://www.cnbc.com/2022/10/28/how-to-be-emotionally-vulnerable-on-a-first-date.html,17 Hours Ago
Omicron subvariants resistant to key antibody treatments are rising every week,https://www.cnbc.com/2022/10/28/omicron-subvariants-resistant-to-key-antibody-treatments-are-increasing.html,18 Hours Ago
Jeep parent Stellantis offering buyouts to some U.S. salaried employees,https://www.cnbc.com/2022/10/28/chrysler-owner-stellantis-offers-buyouts-to-some-us-employees.html,18 Hours Ago
Musk plans Twitter content moderation council as questions about Trump return loom,https://www.cnbc.com/2022/10/28/musk-plans-twitter-content-moderation-council-as-questions-about-trump-return-loom.html,18 Hours Ago
"Why Bryan Cranston, Aaron Paul work 17-hour days promoting the Dos Hombres brand",https://www.cnbc.com/2022/10/28/bryan-cranston-and-aaron-paul-dos-hombres-interview.html,18 Hours Ago
,"No Url found, Hence Headlines blank",19 Hours Ago
FDA says two studies on omicron boosters were too small to reach conclusions,https://www.cnbc.com/2022/10/28/fda-says-two-studies-showing-omicron-boosters-werent-much-better-than-old-shots-were-too-small-to-come-to-any-conclusions.html,19 Hours Ago
,"No Url found, Hence Headlines blank",19 Hours Ago
,"No Url found, Hence Headlines blank",20 Hours Ago
